molecule_chembl_id,canonical_smiles,bioactivity_class,standard_value
CHEMBL322333,CCCCCCCCCCCCC/C=C/[C@@H](O)[C@H](CO)N(C)C,intermediate,5700.0
CHEMBL495798,CCCCCCCCCCCCCC#CC(=O)[C@@H]1COC(C)(C)N1C(=O)OC(C)(C)C,intermediate,3300.0
CHEMBL495816,CCCCCCCCCCCCCC#CC(=O)[C@H](CO)NC(=O)OC(C)(C)C,intermediate,1200.0
CHEMBL67166,CCCCCCCCCCCCC/C=C/[C@@H](O)[C@@H](N)CO,intermediate,3860.0
CHEMBL322333,CCCCCCCCCCCCC/C=C/[C@@H](O)[C@H](CO)N(C)C,intermediate,2170.0
CHEMBL551092,N[C@@H](CO)[C@H](O)/C=C/CCCCCCc1ccc(I)cc1,intermediate,3960.0
CHEMBL551232,N[C@@H](CO)[C@H](O)/C=C/CCCCCCCCc1ccc(I)cc1,active,500.0
CHEMBL561025,N[C@@H](CO)[C@H](O)/C=C/CCCCCCCCCc1ccc(I)cc1,intermediate,2780.0
CHEMBL561296,N[C@@H](CO)[C@H](O)/C=C/CCCCCCCCCCc1ccc(I)cc1,intermediate,2190.0
CHEMBL561434,N[C@@H](CO)[C@H](O)/C=C/CCCCCCCCCCCc1ccc(I)cc1,intermediate,2250.0
CHEMBL559072,N[C@@H](CO)[C@H](O)/C=C/CCCCCCCCCCCCCc1ccc(I)cc1,intermediate,3980.0
CHEMBL322333,CCCCCCCCCCCCC/C=C/[C@@H](O)[C@H](CO)N(C)C,intermediate,5700.0
CHEMBL575560,CCCCCCCCc1ccc(NC(=O)[C@H](N)CO)cc1,intermediate,5000.0
CHEMBL572985,CCCCCCCCc1ccc(NC(=O)[C@@H](N)CO)cc1,intermediate,4300.0
CHEMBL572912,CCCCCCCCc1ccc(NC(=O)C(C)(N)CO)cc1,inactive,10000.0
CHEMBL575356,CCCCCCCCc1ccc(NC(=O)[C@@H](N)COC)cc1,inactive,10000.0
CHEMBL572723,CCCCCCCCc1ccc(NC(=O)C(N)C(C)(C)O)cc1,intermediate,2100.0
CHEMBL583709,CCCCCCCCc1ccc(NC(=O)[C@H](CO)NC)cc1,intermediate,2800.0
CHEMBL427579,CCCCCCCCc1ccc(NC(=O)[C@@H](N)[C@@H](C)O)cc1,active,650.0
CHEMBL575748,CCCCCCCCc1ccc(NC(=O)[C@H](N)[C@H](C)O)cc1,intermediate,2100.0
CHEMBL575959,CCCCCCCCc1ccc(NC(=O)[C@H](N)[C@@H](C)O)cc1,intermediate,1600.0
CHEMBL575960,CCCCCCCCc1ccc(NC(=O)[C@@H](N)[C@H](C)O)cc1,intermediate,1100.0
CHEMBL575137,CCCCCCCCc1ccc(NC(=O)[C@@H](N)[C@@H](O)CC)cc1,intermediate,3200.0
CHEMBL584561,CCCCCCCCc1ccc(CNC(=O)C(N)CO)cc1,inactive,10000.0
CHEMBL572686,CCCCCCCCc1ccc(NC[C@@H](N)CO)cc1,intermediate,5000.0
CHEMBL572687,CCCCCCCCc1ccc(NC(=O)[C@H](N)CCO)cc1,intermediate,2200.0
CHEMBL583979,CCCCCCCCc1ccc(NC(=O)[C@@H](N)CCO)cc1,active,50.0
CHEMBL575772,CCCCCCCCc1ccc(NC(=O)C(N)CCO)cc1,active,180.0
CHEMBL574941,CCCCCCCCc1ccc(NC(=O)C(N)CCCO)cc1,inactive,10000.0
CHEMBL568698,CCCCCCCCc1ccc(NC(=O)[C@@H](N)CCCCO)cc1,intermediate,4000.0
CHEMBL585551,CCCCCCCCc1ccc(CNC(=O)C(N)CCO)cc1,intermediate,3500.0
CHEMBL574237,CCCCCCCCc1ccc(NCC(N)CCO)cc1,inactive,10000.0
CHEMBL574238,CCCCCCCCc1ccc(NC(=O)[C@H]2NCC[C@@H]2O)cc1,active,62.0
CHEMBL575357,CCCCCCCCc1ccc(NC(=O)[C@H]2NCC[C@H]2O)cc1,intermediate,3400.0
CHEMBL575358,CCCCCCCCc1ccc(NC(=O)[C@H]2NC[C@@H](O)[C@@H]2O)cc1,intermediate,8300.0
CHEMBL572954,CCCCCCCCc1ccc(CNC(=O)[C@H]2NCC[C@@H]2O)cc1,active,430.0
CHEMBL572955,CCCCCCCCc1ccc(CCNC(=O)[C@H]2NCC[C@@H]2O)cc1,intermediate,6200.0
CHEMBL578596,CCCCCCCCc1ccc(NC[C@H]2NCC[C@@H]2O)cc1,active,740.0
CHEMBL1209686,CC[C@H](NC(=O)[C@H]1NCC[C@@H]1O)c1ccc(-c2noc(CCC3CCCCC3)n2)cc1,active,10.0
CHEMBL1209685,C[C@H](NC(=O)[C@H]1NCC[C@@H]1O)c1ccc(-c2noc(CCC3CCCCC3)n2)cc1,active,20.0
CHEMBL1209617,C[C@H](NC(=O)[C@H]1NCC[C@@H]1O)c1ccc(-c2noc(CCC3CCCC3)n2)cc1,active,58.0
CHEMBL1209616,CCCCCCCc1nc(-c2ccc([C@@H](NC(=O)[C@H]3NCC[C@@H]3O)C(C)C)cc2)no1,active,110.0
CHEMBL1209615,CCCCCCCc1nc(-c2ccc([C@H](CC)NC(=O)[C@H]3NCC[C@@H]3O)cc2)no1,active,30.0
CHEMBL1209614,CCCCCCCc1nc(-c2ccc([C@H](C)NC(=O)[C@H]3NCC[C@@H]3O)cc2)no1,active,48.0
CHEMBL1209546,CCCCCCCc1nc(-c2ccc([C@@H](C)NC(=O)[C@H]3NCC[C@@H]3O)cc2)no1,intermediate,3800.0
CHEMBL1209545,O=C(NCc1ccc(-c2noc(CCc3ccccc3)n2)cc1)[C@H]1NCC[C@@H]1O,active,720.0
CHEMBL1209544,O=C(NCc1ccc(-c2noc(CCC3CCCCC3)n2)cc1)[C@H]1NCC[C@@H]1O,active,25.0
CHEMBL1209543,O=C(NCc1ccc(-c2noc(CCC3CC3)n2)cc1)[C@H]1NCC[C@@H]1O,intermediate,5000.0
CHEMBL1209542,O=C(NCc1ccc(-c2noc(CCC3CCCC3)n2)cc1)[C@H]1NCC[C@@H]1O,active,68.0
CHEMBL1209464,O=C(NCc1ccc(-c2noc(C3CCCCCC3)n2)cc1)[C@H]1NCC[C@@H]1O,active,620.0
CHEMBL1209463,O=C(NCc1ccc(-c2noc(C3CCCC3)n2)cc1)[C@H]1NCC[C@@H]1O,intermediate,2600.0
CHEMBL1209462,CC1(c2nc(-c3ccc(CNC(=O)[C@H]4NCC[C@@H]4O)cc3)no2)CCCCC1,active,210.0
CHEMBL1209461,O=C(NCc1ccc(-c2noc(C3CCCCC3)n2)cc1)[C@H]1NCC[C@@H]1O,active,380.0
CHEMBL1209460,CCCCCc1nc(-c2ccc(CNC(=O)[C@H]3NCC[C@@H]3O)cc2)no1,active,430.0
CHEMBL1209388,CCCCCCc1nc(-c2ccc(CNC(=O)[C@H]3NCC[C@@H]3O)cc2)no1,active,49.0
CHEMBL1209387,CCCCCCCc1cc(-c2ccc(CNC(=O)[C@H]3NCC[C@@H]3O)cc2)n[nH]1,intermediate,1100.0
CHEMBL1209386,CCCCCCCc1cnc(-c2ccc(CNC(=O)[C@H]3NCC[C@@H]3O)cc2)s1,active,70.0
CHEMBL1209385,CCCCCCCc1noc(-c2ccc(CNC(=O)[C@H]3NCC[C@@H]3O)cc2)n1,active,61.0
CHEMBL1209384,CCCCCCCc1cn(-c2ccc(CNC(=O)[C@H]3NCC[C@@H]3O)cc2)nn1,intermediate,1100.0
CHEMBL1209326,CCCCCCCc1nnc(-c2ccc(CNC(=O)[C@H]3NCC[C@@H]3O)cc2)o1,intermediate,2200.0
CHEMBL1209325,CCCCCCCc1nc(-c2ccc(CNC(=O)[C@H]3NCC[C@@H]3O)cc2)nn1C,active,610.0
CHEMBL1209324,CCCCCCCCc1nc(-c2ccc(CNC(=O)[C@H]3NCC[C@@H]3O)cc2)no1,active,86.0
CHEMBL1209323,CCCCCCCCc1nc(-c2ccc(NC(=O)[C@H]3NCC[C@@H]3O)cc2)no1,inactive,10000.0
CHEMBL1209322,CCCCCCCc1nc(-c2ccc(CNC(=O)[C@H]3NCC[C@@H]3O)cc2)no1,active,68.0
CHEMBL1209256,CCCCCCCc1nc(-c2ccc(NC(=O)[C@H]3NCC[C@@H]3O)cc2)no1,inactive,10000.0
CHEMBL574238,CCCCCCCCc1ccc(NC(=O)[C@H]2NCC[C@@H]2O)cc1,active,62.0
CHEMBL1209687,CC[C@H](NC(=O)[C@H]1NCC[C@@H]1O)c1ccc(-c2noc(CCC3CCCC3)n2)cc1,active,56.0
CHEMBL2316958,CC(C)=CC(=O)CCC(=O)N1CCN(Cc2cc3nc(-c4cccc5[nH]ncc45)nc(N4CCOCC4)c3s2)CC1,active,1000.0
CHEMBL2409893,CC(C)(C)c1csc(Nc2ccc(CCN3CC[C@H](O)C[C@@H]3CO)cc2)n1,intermediate,5000.0
CHEMBL2409878,N#Cc1ccc(-c2csc(Nc3ccc(CCN4CCCC[C@@H]4CO)cc3)n2)cc1,inactive,10000.0
CHEMBL2409855,OCCC1CCCCN1CCc1ccc(Nc2nc(-c3ccc4ccccc4c3)cs2)cc1,inactive,10000.0
CHEMBL2409858,O=S1(=O)CCN(CCc2ccc(Nc3nc(-c4ccc(Cl)c(Cl)c4)cs3)cc2)C(CO)C1,intermediate,6100.0
CHEMBL2409857,OCC1COCCN1CCc1ccc(Nc2nc(-c3ccc4ccccc4c3)cs2)cc1,intermediate,3100.0
CHEMBL2409866,OC[C@H]1C[C@@H](O)CCN1CCCc1ccc(Nc2nc(-c3ccc(Cl)c(Cl)c3)cs2)cc1,intermediate,2500.0
CHEMBL2407201,COC[C@H]1CCCN1CCc1ccc(Nc2nc(-c3ccc4ccccc4c3)cs2)cc1,intermediate,2300.0
CHEMBL2409874,COc1ccccc1-c1csc(Nc2ccc(CCN3CCCC[C@@H]3CO)cc2)n1,intermediate,2100.0
CHEMBL2409853,OC1CCCN(CCc2ccc(Nc3nc(-c4ccc5ccccc5c4)cs3)cc2)C1,intermediate,2100.0
CHEMBL2409871,OC[C@H]1CCCCN1CCc1ccc(Nc2nc(-c3ccccc3)cs2)cc1,intermediate,2000.0
CHEMBL2409854,OC1CCN(CCc2ccc(Nc3nc(-c4ccc5ccccc5c4)cs3)cc2)CC1,intermediate,1800.0
CHEMBL2407199,OCC1CCN1CCc1ccc(Nc2nc(-c3ccc4ccccc4c3)cs2)cc1,intermediate,1600.0
CHEMBL2409873,Cc1ccccc1-c1csc(Nc2ccc(CCN3CCCC[C@@H]3CO)cc2)n1,intermediate,1100.0
CHEMBL2409860,OC[C@@H]1CCCCN1CCc1ccc(Nc2nc(-c3ccc4ccccc4c3)cs2)cc1,intermediate,1100.0
CHEMBL2409856,CN1CCN(CCc2ccc(Nc3nc(-c4ccc5ccccc5c4)cs3)cc2)C(CO)C1,active,1000.0
CHEMBL2407092,OC[C@@H]1CCCN1CCc1ccc(Nc2nc(-c3ccc4ccccc4c3)cs2)cc1,active,990.0
CHEMBL2409852,OCC1CCCCCN1CCc1ccc(Nc2nc(-c3ccc4ccccc4c3)cs2)cc1,active,920.0
CHEMBL2407200,OC[C@H]1CCCN1CCc1ccc(Nc2nc(-c3ccc4ccccc4c3)cs2)cc1,active,580.0
CHEMBL2409863,OC[C@@H]1C[C@H](O)CCN1CCc1ccc(Nc2nc(-c3ccc4ccccc4c3)cs2)cc1,active,450.0
CHEMBL2409869,OC[C@H]1C[C@H](O)CN1CCc1ccc(Nc2nc(-c3ccc(Cl)c(Cl)c3)cs2)cc1,active,410.0
CHEMBL2409887,OC[C@H]1C[C@@H](O)CCN1CCc1ccc(Nc2nc(-c3ccc(F)cc3)cs2)cc1,active,360.0
CHEMBL2409882,OC[C@H]1C[C@@H](O)CCN1CCc1ccc(Nc2nc(-c3cccc(F)c3)cs2)cc1,active,320.0
CHEMBL2409876,OC[C@H]1CCCCN1CCc1ccc(Nc2nc(-c3cccc(Cl)c3)cs2)cc1,active,270.0
CHEMBL2409864,C[C@]1(O)CCN(CCc2ccc(Nc3nc(-c4ccc5ccccc5c4)cs3)cc2)[C@@H](CO)C1,active,230.0
CHEMBL2409862,OC[C@H]1C[C@H](O)CCN1CCc1ccc(Nc2nc(-c3ccc4ccccc4c3)cs2)cc1,active,220.0
CHEMBL2409875,OC[C@H]1CCCCN1CCc1ccc(Nc2nc(-c3ccccc3C(F)(F)F)cs2)cc1,active,170.0
CHEMBL2407119,OC[C@H]1CCCCN1CCc1ccc(Nc2nc(-c3ccccc3Cl)cs2)cc1,active,150.0
CHEMBL2409851,OCC1CCCCN1CCc1ccc(Nc2nc(-c3ccc4ccccc4c3)cs2)cc1,active,140.0
CHEMBL2409846,OC[C@H]1C[C@@H](O)CCN1CCc1ccc(Nc2nc(C3CCCC3)cs2)cc1,active,130.0
CHEMBL2409867,OC[C@H]1C[C@@H](O)CN1CCc1ccc(Nc2nc(-c3ccc(Cl)c(Cl)c3)cs2)cc1,active,130.0
CHEMBL2409872,OC[C@H]1CCCCN1CCc1ccc(Nc2nc(-c3ccccc3F)cs2)cc1,active,120.0
CHEMBL2409877,OC[C@H]1CCCCN1CCc1ccc(Nc2nc(-c3ccc(Cl)cc3)cs2)cc1,active,80.0
CHEMBL2409859,OC[C@H]1CCCCN1CCc1ccc(Nc2nc(-c3ccc4ccccc4c3)cs2)cc1,active,80.0
CHEMBL2409892,CCCCc1csc(Nc2ccc(CCN3CC[C@H](O)C[C@@H]3CO)cc2)n1,active,70.0
CHEMBL2409879,OC[C@H]1C[C@@H](O)CCN1CCc1ccc(Nc2nc(-c3ccccc3)cs2)cc1,active,70.0
CHEMBL2409885,COc1cccc(-c2csc(Nc3ccc(CCN4CC[C@H](O)C[C@@H]4CO)cc3)n2)c1,active,50.0
CHEMBL2409890,COc1ccc(-c2csc(Nc3ccc(CCN4CC[C@H](O)C[C@@H]4CO)cc3)n2)cc1,active,30.0
CHEMBL2409870,OC[C@H]1C[C@H](O)CN1CCCc1ccc(Nc2nc(-c3ccc(Cl)c(Cl)c3)cs2)cc1,active,30.0
CHEMBL2409868,OC[C@H]1C[C@@H](O)CN1CCCc1ccc(Nc2nc(-c3ccc(Cl)c(Cl)c3)cs2)cc1,active,30.0
CHEMBL2409891,OC[C@H]1C[C@@H](O)CCN1CCc1ccc(Nc2nc(-c3ccc(C(F)(F)F)cc3)cs2)cc1,active,20.0
CHEMBL2409883,OC[C@H]1C[C@@H](O)CCN1CCc1ccc(Nc2nc(-c3cccc(Cl)c3)cs2)cc1,active,20.0
CHEMBL2409880,OC[C@H]1C[C@@H](O)CCN1CCc1ccc(Nc2nc(-c3ccccc3F)cs2)cc1,active,20.0
CHEMBL2409865,OC[C@H]1C[C@@H](O)CCN1CCc1ccc(Nc2nc(-c3ccc(Cl)c(Cl)c3)cs2)cc1,active,20.0
CHEMBL2409861,OC[C@H]1C[C@@H](O)CCN1CCc1ccc(Nc2nc(-c3ccc4ccccc4c3)cs2)cc1,active,20.0
CHEMBL2407198,OC[C@H]1C[C@@H](O)CCN1CCc1ccc(Nc2nc(C3CCCCC3)cs2)cc1,active,10.0
CHEMBL2409884,Cc1cccc(-c2csc(Nc3ccc(CCN4CC[C@H](O)C[C@@H]4CO)cc3)n2)c1,active,10.0
CHEMBL2409881,OC[C@H]1C[C@@H](O)CCN1CCc1ccc(Nc2nc(-c3ccccc3Cl)cs2)cc1,active,10.0
CHEMBL2409888,OC[C@H]1C[C@@H](O)CCN1CCc1ccc(Nc2nc(-c3ccc(Cl)cc3)cs2)cc1,active,8.0
CHEMBL2409889,Cc1ccc(-c2csc(Nc3ccc(CCN4CC[C@H](O)C[C@@H]4CO)cc3)n2)cc1,active,7.0
CHEMBL2409848,OC[C@H]1C[C@@H](O)CCN1CCc1ccc(Nc2nc(-c3cccc(C(F)(F)F)c3F)cs2)cc1,active,5.0
CHEMBL2407197,OC[C@H]1C[C@@H](O)CCN1CCc1ccc(Nc2nc(C34CC5CC(CC(C5)C3)C4)cs2)cc1,active,5.0
CHEMBL2409886,OC[C@H]1C[C@@H](O)CCN1CCc1ccc(Nc2nc(-c3cccc(C(F)(F)F)c3)cs2)cc1,active,5.0
CHEMBL2409849,OC[C@H]1C[C@@H](O)CCN1CCc1ccc(Nc2nc(-c3ccc(C(F)(F)F)cc3F)cs2)cc1,active,4.0
CHEMBL2409850,OC[C@H]1C[C@@H](O)CCN1CCc1ccc(Nc2nc(-c3cc(C(F)(F)F)ccc3F)cs2)cc1,active,3.0
CHEMBL2409847,OC[C@H]1C[C@@H](O)CCN1CCc1ccc(Nc2nc(-c3ccc(Cl)cc3Cl)cs2)cc1,active,3.0
CHEMBL3086796,CCCCCCCCCCCCc1ccc(CCN2CCC[C@@H]2CO)cc1,intermediate,5300.0
CHEMBL3086799,CCCCCCCCc1ccc(CCN2CCC[C@@H]2CO)cc1,intermediate,2200.0
CHEMBL3086806,CCCCCCCCc1ccc(CCN2CCC(N)CC2)cc1,inactive,16900.0
CHEMBL3086811,CCCCCCCCc1ccc(CCN2CCC(O)CC2)cc1,intermediate,3600.0
CHEMBL3134157,Cc1cc(CS(=O)(=O)c2ccccc2)cc(OCc2ccc(CN3CCC[C@@H]3CO)cc2)c1,active,28.0
CHEMBL3134156,CCCCCCCCCCCCCCOC[C@@H](O)[C@H](C)N(C)C,inactive,27800.0
CHEMBL1835439,CCCCCCCCCCCCCCC[C@@H](O)[C@H](C)N,intermediate,7100.0
CHEMBL3134155,CCCCCCCCCCCCCCC[C@@H](O)[C@H](CO)NC(=S)Nc1cccc(C(F)(F)F)c1,inactive,69000.0
CHEMBL3287035,CCCCCCCCCCCCC/C=C/[C@H](O)[C@@H](CO)NC(=N)N.Cl,active,40.0
CHEMBL3334679,Cc1csc(Nc2nc(-c3nccs3)cs2)n1,intermediate,7300.0
CHEMBL3416759,C[C@@H](NC(=O)[C@H]1NCC[C@@H]1O)c1ccc(-c2noc(CCC3CCCC3)n2)cc1,active,58.0
CHEMBL3086811,CCCCCCCCc1ccc(CCN2CCC(O)CC2)cc1,intermediate,3600.0
CHEMBL2409891,OC[C@H]1C[C@@H](O)CCN1CCc1ccc(Nc2nc(-c3ccc(C(F)(F)F)cc3)cs2)cc1,active,20.0
CHEMBL322333,CCCCCCCCCCCCC/C=C/[C@@H](O)[C@H](CO)N(C)C,inactive,35790.0
CHEMBL3735039,CCCCCCCCCCCCCC(=O)Nc1nc2ccccc2[nH]1,inactive,40520.0
CHEMBL3736205,CCCOc1ccc(N2C(=O)CC(Nc3ccc(CCO)cc3)C2=O)cc1,inactive,61600.0
CHEMBL3735192,O=C(N/N=C/c1cccc(OCc2ccccc2)c1)c1cc(O)c(O)c(O)c1,inactive,23070.0
CHEMBL3763321,OC[C@H]1C[C@H](O)CN1CCCc1ccc(Nc2nc(-c3cccc(C(F)(F)F)c3)cs2)cc1,active,20.0
CHEMBL3134157,Cc1cc(CS(=O)(=O)c2ccccc2)cc(OCc2ccc(CN3CCC[C@@H]3CO)cc2)c1,active,3.0
CHEMBL3134157,Cc1cc(CS(=O)(=O)c2ccccc2)cc(OCc2ccc(CN3CCC[C@@H]3CO)cc2)c1,active,28.0
CHEMBL3134157,Cc1cc(CS(=O)(=O)c2ccccc2)cc(OCc2ccc(CN3CCC[C@@H]3CO)cc2)c1,active,387.0
CHEMBL3764032,Oc1ccc(Nc2nnc(-c3ccc(I)cc3)o2)cc1,inactive,20000.0
CHEMBL3763496,Clc1ccc(-c2nnc(NCc3ccncc3)o2)cc1,intermediate,3100.0
CHEMBL2409891,OC[C@H]1C[C@@H](O)CCN1CCc1ccc(Nc2nc(-c3ccc(C(F)(F)F)cc3)cs2)cc1,active,10.0
CHEMBL3813893,COc1cccc(COc2ccc(/C=N/NC(=O)c3ccc(O)c(O)c3)cc2)c1,inactive,25320.0
CHEMBL3814178,COc1cccc(COc2ccc(/C=N/NC(=O)c3cc(O)cc(O)c3)cc2)c1,inactive,100000.0
CHEMBL3814952,COc1cccc(COc2cccc(/C=N/NC(=O)c3ccc(O)cc3)c2)c1,inactive,100000.0
CHEMBL3813800,COc1cccc(COc2cccc(/C=N/NC(=O)c3cccc(O)c3)c2)c1,inactive,100000.0
CHEMBL3814464,COc1cccc(COc2cccc(/C=N/NC(=O)c3ccc(O)c(O)c3)c2)c1,intermediate,5000.0
CHEMBL3813737,COc1cccc(COc2cccc(/C=N/NC(=O)c3cc(O)cc(O)c3)c2)c1,inactive,100000.0
CHEMBL3814344,O=C(N/N=C/c1cccc(OCc2ccccc2)c1)c1ccc2[nH]cnc2c1,inactive,100000.0
CHEMBL3814524,COc1ccc(COc2ccc(/C=N/NC(=O)c3cc(O)c(O)c(O)c3)cc2)cc1,inactive,100000.0
CHEMBL3814880,COc1cccc(COc2ccc(/C=N/NC(=O)c3cc(O)c(O)c(O)c3)cc2)c1,intermediate,4360.0
CHEMBL3815127,COc1ccccc1COc1ccc(/C=N/NC(=O)c2cc(O)c(O)c(O)c2)cc1,inactive,18440.0
CHEMBL3815133,O=C(N/N=C/c1ccc(OCc2ccc3ccccc3c2)cc1)c1cc(O)c(O)c(O)c1,inactive,20610.0
CHEMBL3813759,CC(C)(C)c1ccc(COc2ccc(/C=N/NC(=O)c3cc(O)c(O)c(O)c3)cc2)cc1,inactive,40550.0
CHEMBL3814984,Cc1ccc(COc2ccc(/C=N/NC(=O)c3cc(O)c(O)c(O)c3)cc2)cc1,inactive,32730.0
CHEMBL3814709,N#Cc1ccc(COc2ccc(/C=N/NC(=O)c3cc(O)c(O)c(O)c3)cc2)cc1,inactive,27740.0
CHEMBL3814285,N#Cc1cccc(COc2ccc(/C=N/NC(=O)c3cc(O)c(O)c(O)c3)cc2)c1,inactive,45760.0
CHEMBL3814779,N#Cc1ccccc1COc1ccc(/C=N/NC(=O)c2cc(O)c(O)c(O)c2)cc1,inactive,100000.0
CHEMBL3813951,O=C(N/N=C/c1ccc(OCc2ccc(C(F)(F)F)cc2)cc1)c1cc(O)c(O)c(O)c1,inactive,37400.0
CHEMBL3813988,O=C(N/N=C/c1ccc(OCc2cccc(C(F)(F)F)c2)cc1)c1cc(O)c(O)c(O)c1,inactive,54720.0
CHEMBL3814488,O=C(N/N=C/c1ccc(OCc2ccccc2C(F)(F)F)cc1)c1cc(O)c(O)c(O)c1,inactive,15010.0
CHEMBL3814218,O=C(N/N=C/c1ccc(OCc2ccccc2)cc1)c1cc(O)c(O)c(O)c1,inactive,22020.0
CHEMBL3814312,COc1ccc(COc2cccc(/C=N/NC(=O)c3cc(O)c(O)c(O)c3)c2)cc1,inactive,100000.0
CHEMBL3814439,COc1cccc(COc2cccc(/C=N/NC(=O)c3cc(O)c(O)c(O)c3)c2)c1,intermediate,8570.0
CHEMBL3814046,COc1ccccc1COc1cccc(/C=N/NC(=O)c2cc(O)c(O)c(O)c2)c1,inactive,20520.0
CHEMBL3814839,O=C(N/N=C/c1cccc(OCc2cccc3ccccc23)c1)c1cc(O)c(O)c(O)c1,inactive,31300.0
CHEMBL3814810,N#Cc1ccc(COc2cccc(/C=N/NC(=O)c3cc(O)c(O)c(O)c3)c2)cc1,inactive,69440.0
CHEMBL3815047,N#Cc1cccc(COc2cccc(/C=N/NC(=O)c3cc(O)c(O)c(O)c3)c2)c1,inactive,85260.0
CHEMBL3814989,N#Cc1ccccc1COc1cccc(/C=N/NC(=O)c2cc(O)c(O)c(O)c2)c1,inactive,45380.0
CHEMBL3814622,CC(C)(C)c1ccc(COc2cccc(/C=N/NC(=O)c3cc(O)c(O)c(O)c3)c2)cc1,inactive,35220.0
CHEMBL3814091,O=C(N/N=C/c1cccc(OCc2ccc(Cl)cc2)c1)c1cc(O)c(O)c(O)c1,inactive,100000.0
CHEMBL3814059,O=C(N/N=C/c1cccc(OCc2cccc(Cl)c2)c1)c1cc(O)c(O)c(O)c1,inactive,100000.0
CHEMBL3815035,O=C(N/N=C/c1cccc(OCc2ccccc2Cl)c1)c1cc(O)c(O)c(O)c1,inactive,36800.0
CHEMBL3814271,O=C(N/N=C/c1cccc(OCc2ccc(F)cc2)c1)c1cc(O)c(O)c(O)c1,inactive,100000.0
CHEMBL3813986,O=C(N/N=C/c1cccc(OCc2cccc(F)c2)c1)c1cc(O)c(O)c(O)c1,inactive,100000.0
CHEMBL3814912,O=C(N/N=C/c1cccc(OCc2ccccc2F)c1)c1cc(O)c(O)c(O)c1,inactive,100000.0
CHEMBL3813765,O=C(N/N=C/c1cccc(OCc2ccc(C(F)(F)F)cc2)c1)c1cc(O)c(O)c(O)c1,inactive,16260.0
CHEMBL3813857,O=C(N/N=C/c1cccc(OCc2cccc(C(F)(F)F)c2)c1)c1cc(O)c(O)c(O)c1,inactive,100000.0
CHEMBL3814886,O=C(N/N=C/c1cccc(OCc2ccccc2C(F)(F)F)c1)c1cc(O)c(O)c(O)c1,inactive,19570.0
CHEMBL3814930,Cc1ccc(COc2cccc(/C=N/NC(=O)c3cc(O)c(O)c(O)c3)c2)cc1,inactive,45790.0
CHEMBL3814845,Cc1cccc(COc2cccc(/C=N/NC(=O)c3cc(O)c(O)c(O)c3)c2)c1,inactive,52100.0
CHEMBL3814691,Cc1ccccc1COc1cccc(/C=N/NC(=O)c2cc(O)c(O)c(O)c2)c1,inactive,63240.0
CHEMBL3735192,O=C(N/N=C/c1cccc(OCc2ccccc2)c1)c1cc(O)c(O)c(O)c1,inactive,40210.0
CHEMBL3813749,COc1cccc(COc2ccc(/C=N/NC(=O)c3cccc(O)c3)cc2)c1,inactive,100000.0
CHEMBL3814396,COc1cccc(COc2ccc(/C=N/NC(=O)c3ccc(O)cc3)cc2)c1,inactive,100000.0
CHEMBL3814450,O=C(N/N=C/c1cccc(OCc2ccccc2C(F)(F)F)c1)c1cc(O)cc(O)c1,inactive,100000.0
CHEMBL3814728,O=C(N/N=C/c1cccc(OCc2ccccc2C(F)(F)F)c1)c1ccc(O)c(O)c1,inactive,15530.0
CHEMBL3814603,O=C(N/N=C/c1cccc(OCc2ccccc2C(F)(F)F)c1)c1cccc(O)c1,inactive,100000.0
CHEMBL3813816,O=C(N/N=C/c1cccc(OCc2ccccc2C(F)(F)F)c1)c1ccc(O)cc1,inactive,100000.0
CHEMBL3814087,O=C(N/N=C/c1ccc(OCc2ccccc2C(F)(F)F)cc1)c1cc(O)cc(O)c1,inactive,100000.0
CHEMBL3814127,O=C(N/N=C/c1ccc(OCc2ccccc2C(F)(F)F)cc1)c1ccc(O)c(O)c1,inactive,16480.0
CHEMBL3814697,O=C(N/N=C/c1ccc(OCc2ccccc2C(F)(F)F)cc1)c1cccc(O)c1,inactive,100000.0
CHEMBL3815019,O=C(N/N=C/c1ccc(OCc2ccccc2C(F)(F)F)cc1)c1ccc(O)cc1,inactive,100000.0
CHEMBL322333,CCCCCCCCCCCCC/C=C/[C@@H](O)[C@H](CO)N(C)C,inactive,50560.0
CHEMBL3884319,CC1(C)C(=O)N([C@H]2CCc3c(O)cccc32)c2nc(Nc3ccccc3)ncc21,inactive,10000.0
CHEMBL4082814,Cc1nc2ccc(-c3ccc(CN4CCC[C@@H]4CO)cc3)cc2n1C[C@H]1CCCO1,active,870.0
CHEMBL4067356,Cc1nc2ccc(-c3ccc(CN4CCC[C@@H]4CO)cc3)cc2n1C[C@@H]1CCCO1,inactive,12700.0
CHEMBL4088607,Cc1nc2ccc(-c3ccc(CN4CCC[C@H]4CO)cc3)cc2n1C[C@H]1CCCO1,inactive,100000.0
CHEMBL4064624,Cc1nc2ccc(-c3ccc(CN4CCC[C@H]4CO)cc3)cc2n1C[C@@H]1CCCO1,inactive,100000.0
CHEMBL3134157,Cc1cc(CS(=O)(=O)c2ccccc2)cc(OCc2ccc(CN3CCC[C@@H]3CO)cc2)c1,active,2.7
CHEMBL3348835,Cc1cc(CS(=O)(=O)c2ccccc2)cc(OCc2ccc(CN3CCC[C@H]3CO)cc2)c1,active,142.0
CHEMBL4077280,Cc1cc(CS(=O)(=O)c2ccccc2)cc(OCc2ccc(CN3CC[C@H](O)C3)cc2)c1,active,2.6
CHEMBL4061789,Cc1cc(CS(=O)(=O)c2ccccc2)cc(OCc2ccc(CN3C[C@@H](O)[C@H](O)C3)cc2)c1,active,2.0
CHEMBL4063424,Cc1cc(CS(=O)(=O)c2ccccc2)cc(OCc2ccc(CN3C[C@H](O)[C@H](O)C3)cc2)c1,active,3.9
CHEMBL4103414,Cc1cc(CS(=O)(=O)c2ccccc2)cc(OCc2ccc(CNCCO)cc2)c1,active,14.6
CHEMBL4090361,O=S(=O)(Cc1cccc(OCc2ccc(CN3CCC[C@@H]3CO)cc2)c1)c1ccccc1,active,2.4
CHEMBL4069327,O=S(=O)(Cc1cccc(OCc2ccc(CN3CCC[C@@H]3CO)cc2)c1)C1CC1,active,40.4
CHEMBL4066270,OC[C@H]1CCCN1Cc1ccc(COc2cccc(C3CCCCC3)c2)cc1,active,1.7
CHEMBL4086094,CC(C)c1cccc(OCc2ccc(CN3CCC[C@@H]3CO)cc2)c1,active,4.8
CHEMBL4104017,Cc1nc(-c2cccc(OCc3ccc(CN4CCC[C@@H]4CO)cc3)c2)no1,active,25.0
CHEMBL4063506,O=C(Nc1cccc(OCc2ccc(CN3CCC[C@@H]3CO)cc2)c1)c1ccccc1,intermediate,9820.0
CHEMBL4101573,Cc1cc(CS(=O)(=O)c2ccccc2)cc(OCc2ccc3[nH]c(N)nc3c2)c1,intermediate,1400.0
CHEMBL4101628,Cc1cc(CS(=O)(=O)c2ccccc2)cc(OCc2ccc3[nH]cnc3c2)c1,inactive,48000.0
CHEMBL4082814,Cc1nc2ccc(-c3ccc(CN4CCC[C@@H]4CO)cc3)cc2n1C[C@H]1CCCO1,active,190.0
CHEMBL4067356,Cc1nc2ccc(-c3ccc(CN4CCC[C@@H]4CO)cc3)cc2n1C[C@@H]1CCCO1,intermediate,4600.0
CHEMBL4088607,Cc1nc2ccc(-c3ccc(CN4CCC[C@H]4CO)cc3)cc2n1C[C@H]1CCCO1,inactive,31000.0
CHEMBL4064624,Cc1nc2ccc(-c3ccc(CN4CCC[C@H]4CO)cc3)cc2n1C[C@@H]1CCCO1,inactive,100000.0
CHEMBL4091588,Cc1nc2ccc(-c3ccc(CN4CCC[C@@H]4CO)cc3)cc2n1CCC1CCC1,active,8.0
CHEMBL4086161,Cc1nc2ccc(-c3ccc(CN4CCC[C@@H]4CO)cc3)cc2n1CCC(C)C,active,7.0
CHEMBL4104070,Cc1nc2ccc(-c3ccc(CN4CCC[C@@H]4CO)cc3)cc2n1CC1CCCC1,active,11.0
CHEMBL4093921,Cc1nc2ccc(-c3ccc(CN4CCC[C@@H]4CO)cc3)cc2n1Cc1ccccc1,active,440.0
CHEMBL4066355,Cc1nc2ccc(-c3ccc(CN4CCC[C@@H]4CO)cc3)cc2n1CC(C)C,active,290.0
CHEMBL4101485,Cc1nc2ccc(-c3ccc(CN4CCCC4)cc3)cc2n1C[C@H]1CCCO1,inactive,100000.0
CHEMBL3134157,Cc1cc(CS(=O)(=O)c2ccccc2)cc(OCc2ccc(CN3CCC[C@@H]3CO)cc2)c1,active,2.0
CHEMBL3348835,Cc1cc(CS(=O)(=O)c2ccccc2)cc(OCc2ccc(CN3CCC[C@H]3CO)cc2)c1,active,78.0
CHEMBL4077280,Cc1cc(CS(=O)(=O)c2ccccc2)cc(OCc2ccc(CN3CC[C@H](O)C3)cc2)c1,active,3.0
CHEMBL4077075,Cc1cc(CS(=O)(=O)c2ccccc2)cc(OCc2ccc(CN3CC[C@@H](O)C3)cc2)c1,active,28.0
CHEMBL4061789,Cc1cc(CS(=O)(=O)c2ccccc2)cc(OCc2ccc(CN3C[C@@H](O)[C@H](O)C3)cc2)c1,active,2.0
CHEMBL4063424,Cc1cc(CS(=O)(=O)c2ccccc2)cc(OCc2ccc(CN3C[C@H](O)[C@H](O)C3)cc2)c1,active,3.9
CHEMBL4103414,Cc1cc(CS(=O)(=O)c2ccccc2)cc(OCc2ccc(CNCCO)cc2)c1,active,5.3
CHEMBL4090361,O=S(=O)(Cc1cccc(OCc2ccc(CN3CCC[C@@H]3CO)cc2)c1)c1ccccc1,active,2.0
CHEMBL4069327,O=S(=O)(Cc1cccc(OCc2ccc(CN3CCC[C@@H]3CO)cc2)c1)C1CC1,active,10.0
CHEMBL4093845,CS(=O)(=O)Cc1cccc(OCc2ccc(CN3CCC[C@@H]3CO)cc2)c1,active,439.0
CHEMBL4066270,OC[C@H]1CCCN1Cc1ccc(COc2cccc(C3CCCCC3)c2)cc1,active,0.7
CHEMBL4086094,CC(C)c1cccc(OCc2ccc(CN3CCC[C@@H]3CO)cc2)c1,active,0.8
CHEMBL4104017,Cc1nc(-c2cccc(OCc3ccc(CN4CCC[C@@H]4CO)cc3)c2)no1,active,4.5
CHEMBL4063506,O=C(Nc1cccc(OCc2ccc(CN3CCC[C@@H]3CO)cc2)c1)c1ccccc1,intermediate,3670.0
CHEMBL4101573,Cc1cc(CS(=O)(=O)c2ccccc2)cc(OCc2ccc3[nH]c(N)nc3c2)c1,intermediate,1700.0
CHEMBL4101628,Cc1cc(CS(=O)(=O)c2ccccc2)cc(OCc2ccc3[nH]cnc3c2)c1,inactive,48000.0
CHEMBL4082814,Cc1nc2ccc(-c3ccc(CN4CCC[C@@H]4CO)cc3)cc2n1C[C@H]1CCCO1,active,81.0
CHEMBL4067356,Cc1nc2ccc(-c3ccc(CN4CCC[C@@H]4CO)cc3)cc2n1C[C@@H]1CCCO1,intermediate,2100.0
CHEMBL4088607,Cc1nc2ccc(-c3ccc(CN4CCC[C@H]4CO)cc3)cc2n1C[C@H]1CCCO1,intermediate,9800.0
CHEMBL4064624,Cc1nc2ccc(-c3ccc(CN4CCC[C@H]4CO)cc3)cc2n1C[C@@H]1CCCO1,inactive,100000.0
CHEMBL4091588,Cc1nc2ccc(-c3ccc(CN4CCC[C@@H]4CO)cc3)cc2n1CCC1CCC1,active,4.0
CHEMBL4086161,Cc1nc2ccc(-c3ccc(CN4CCC[C@@H]4CO)cc3)cc2n1CCC(C)C,active,4.0
CHEMBL4104070,Cc1nc2ccc(-c3ccc(CN4CCC[C@@H]4CO)cc3)cc2n1CC1CCCC1,active,10.0
CHEMBL4093921,Cc1nc2ccc(-c3ccc(CN4CCC[C@@H]4CO)cc3)cc2n1Cc1ccccc1,active,250.0
CHEMBL4066355,Cc1nc2ccc(-c3ccc(CN4CCC[C@@H]4CO)cc3)cc2n1CC(C)C,active,440.0
CHEMBL3134157,Cc1cc(CS(=O)(=O)c2ccccc2)cc(OCc2ccc(CN3CCC[C@@H]3CO)cc2)c1,active,0.8
CHEMBL3348835,Cc1cc(CS(=O)(=O)c2ccccc2)cc(OCc2ccc(CN3CCC[C@H]3CO)cc2)c1,active,43.0
CHEMBL4077280,Cc1cc(CS(=O)(=O)c2ccccc2)cc(OCc2ccc(CN3CC[C@H](O)C3)cc2)c1,active,0.03
CHEMBL4077075,Cc1cc(CS(=O)(=O)c2ccccc2)cc(OCc2ccc(CN3CC[C@@H](O)C3)cc2)c1,active,30.0
CHEMBL4061789,Cc1cc(CS(=O)(=O)c2ccccc2)cc(OCc2ccc(CN3C[C@@H](O)[C@H](O)C3)cc2)c1,active,0.17
CHEMBL4063424,Cc1cc(CS(=O)(=O)c2ccccc2)cc(OCc2ccc(CN3C[C@H](O)[C@H](O)C3)cc2)c1,active,1.0
CHEMBL4103414,Cc1cc(CS(=O)(=O)c2ccccc2)cc(OCc2ccc(CNCCO)cc2)c1,active,3.5
CHEMBL4090361,O=S(=O)(Cc1cccc(OCc2ccc(CN3CCC[C@@H]3CO)cc2)c1)c1ccccc1,active,0.3
CHEMBL4069327,O=S(=O)(Cc1cccc(OCc2ccc(CN3CCC[C@@H]3CO)cc2)c1)C1CC1,active,1.7
CHEMBL4093845,CS(=O)(=O)Cc1cccc(OCc2ccc(CN3CCC[C@@H]3CO)cc2)c1,active,519.0
CHEMBL4066270,OC[C@H]1CCCN1Cc1ccc(COc2cccc(C3CCCCC3)c2)cc1,active,0.03
CHEMBL4086094,CC(C)c1cccc(OCc2ccc(CN3CCC[C@@H]3CO)cc2)c1,active,0.6
CHEMBL4104017,Cc1nc(-c2cccc(OCc3ccc(CN4CCC[C@@H]4CO)cc3)c2)no1,active,1.7
CHEMBL4063506,O=C(Nc1cccc(OCc2ccc(CN3CCC[C@@H]3CO)cc2)c1)c1ccccc1,intermediate,1200.0
CHEMBL4101573,Cc1cc(CS(=O)(=O)c2ccccc2)cc(OCc2ccc3[nH]c(N)nc3c2)c1,active,180.0
CHEMBL4101628,Cc1cc(CS(=O)(=O)c2ccccc2)cc(OCc2ccc3[nH]cnc3c2)c1,inactive,27000.0
CHEMBL3134157,Cc1cc(CS(=O)(=O)c2ccccc2)cc(OCc2ccc(CN3CCC[C@@H]3CO)cc2)c1,active,20.0
CHEMBL3348835,Cc1cc(CS(=O)(=O)c2ccccc2)cc(OCc2ccc(CN3CCC[C@H]3CO)cc2)c1,active,703.0
CHEMBL4077280,Cc1cc(CS(=O)(=O)c2ccccc2)cc(OCc2ccc(CN3CC[C@H](O)C3)cc2)c1,active,5.2
CHEMBL4061789,Cc1cc(CS(=O)(=O)c2ccccc2)cc(OCc2ccc(CN3C[C@@H](O)[C@H](O)C3)cc2)c1,active,6.4
CHEMBL4063424,Cc1cc(CS(=O)(=O)c2ccccc2)cc(OCc2ccc(CN3C[C@H](O)[C@H](O)C3)cc2)c1,active,38.0
CHEMBL4090361,O=S(=O)(Cc1cccc(OCc2ccc(CN3CCC[C@@H]3CO)cc2)c1)c1ccccc1,active,35.0
CHEMBL4069327,O=S(=O)(Cc1cccc(OCc2ccc(CN3CCC[C@@H]3CO)cc2)c1)C1CC1,intermediate,1470.0
CHEMBL4066270,OC[C@H]1CCCN1Cc1ccc(COc2cccc(C3CCCCC3)c2)cc1,active,1.5
CHEMBL4086094,CC(C)c1cccc(OCc2ccc(CN3CCC[C@@H]3CO)cc2)c1,active,19.0
CHEMBL4104017,Cc1nc(-c2cccc(OCc3ccc(CN4CCC[C@@H]4CO)cc3)c2)no1,active,173.0
CHEMBL4063506,O=C(Nc1cccc(OCc2ccc(CN3CCC[C@@H]3CO)cc2)c1)c1ccccc1,intermediate,8800.0
CHEMBL4060768,O=C(c1cc([C@H]2CCCN2c2cc(F)cc(F)c2)c2oc(N3CCOCC3)cc(=O)c2c1)N1CCOCC1,inactive,29000.0
CHEMBL1819205,CCCCCCCCCCCCCC[C@@H]1OC[C@@H](N)[C@@H]1O,active,820.0
CHEMBL4103173,CCCCCCCCc1ccccc1CC[C@@H]1OC[C@@H](N)[C@@H]1O,inactive,30000.0
CHEMBL4078892,CCCCCCCc1cccc(CC[C@@H]2OC[C@@H](N)[C@@H]2O)c1,inactive,30000.0
CHEMBL4062604,CCCCCCCCc1cccc(CC[C@@H]2OC[C@@H](N)[C@@H]2O)c1,inactive,16000.0
CHEMBL4090570,CCCCCCCCCc1cccc(CC[C@@H]2OC[C@@H](N)[C@@H]2O)c1,inactive,12000.0
CHEMBL4071253,CCCCCCc1ccc(CC[C@@H]2OC[C@@H](N)[C@@H]2O)cc1,inactive,30000.0
CHEMBL4098301,CCCCCCCCc1ccc(CC[C@@H]2OC[C@@H](N)[C@@H]2O)cc1,intermediate,1400.0
CHEMBL4081791,CCCCCCCCCCc1ccc(CC[C@@H]2OC[C@@H](N)[C@@H]2O)cc1,active,420.0
CHEMBL4059874,CCCCCCCCCCCCc1ccc(CC[C@@H]2OC[C@@H](N)[C@@H]2O)cc1,active,880.0
CHEMBL4089663,CCCCCCCCCCCCCCc1ccc(CC[C@@H]2OC[C@@H](N)[C@@H]2O)cc1,inactive,30000.0
CHEMBL4076550,N[C@@H]1CO[C@@H](CCCCCCCCCCCOCC2CCCCC2)[C@H]1O,active,380.0
CHEMBL4075031,N[C@@H]1CO[C@@H](CCCCCCCCCCOCC2CCCCC2)[C@H]1O,active,220.0
CHEMBL4101713,N[C@@H]1CO[C@@H](CCCCCCCCCOCC2CCCCC2)[C@H]1O,active,670.0
CHEMBL4095076,N[C@@H]1CO[C@@H](CCCCCCCCOCC2CCCCC2)[C@H]1O,intermediate,2800.0
CHEMBL4067667,CC(C)COCCCCCCCCCCC[C@@H]1OC[C@@H](N)[C@@H]1O,active,710.0
CHEMBL4102840,CCCCCCCOCCCCCC[C@@H]1OC[C@@H](N)[C@@H]1O,intermediate,9600.0
CHEMBL4078560,CCCCCCCCCOCCCC[C@@H]1OC[C@@H](N)[C@@H]1O,inactive,30000.0
CHEMBL4079512,CCCCCCCCCCCCCC[C@@H]1OC[C@@H](NC(=N)N)[C@@H]1O,intermediate,1100.0
CHEMBL4097546,CCCCCCCCCCCCCC[C@@H]1OC[C@@H](NC(C)=N)[C@@H]1O,intermediate,3100.0
CHEMBL4087389,CCCCCCCCCCCCCC[C@@H]1OC[C@@H](NC(C)=O)[C@@H]1O,inactive,30000.0
CHEMBL4105246,CCCCCCCCCCCCCC[C@@H]1OC[C@@H](N)[C@@H]1OC,intermediate,4000.0
CHEMBL322333,CCCCCCCCCCCCC/C=C/[C@@H](O)[C@H](CO)N(C)C,inactive,60000.0
CHEMBL1076555,Oc1ccc(Nc2nc(-c3ccc(Cl)cc3)cs2)cc1,inactive,35000.0
CHEMBL1526855,CC(=O)N(C1=C(Cl)C(=O)c2ccccc2C1=O)C1CCCCC1,intermediate,2000.0
CHEMBL2158685,O=C(NCc1ccncc1)C12CC3CC(C1)CC(c1ccc(Cl)cc1)(C3)C2,inactive,100000.0
CHEMBL3134157,Cc1cc(CS(=O)(=O)c2ccccc2)cc(OCc2ccc(CN3CCC[C@@H]3CO)cc2)c1,active,2.7
CHEMBL3287036,CCCCOc1ccc(CC/C=C2\SC(=O)N(CCN)C2=O)cc1,inactive,10000.0
CHEMBL2158686,CCCCCCCCc1ccc(CC[C@@](N)(CO)COC)cc1,inactive,50000.0
CHEMBL3086811,CCCCCCCCc1ccc(CCN2CCC(O)CC2)cc1,intermediate,3600.0
CHEMBL4162455,CCCCOC(=O)Nc1ccc(C(O)CN2CCN(c3ccncc3)CC2)cc1,inactive,55000.0
CHEMBL4173139,CCCCOC(=O)Nc1cccc(C(O)CN2CCN(c3ccncc3)CC2)c1,inactive,60000.0
CHEMBL4170798,CC1Cc2c(N/N=C/c3ccc(Cl)cc3)ncnc2N(C)c2ccccc21,inactive,12000.0
CHEMBL4245507,O=C(Cc1cccc(OCCCN2CCNCC2)c1)Nc1nc(-c2ccncc2)cs1,inactive,10000.0
CHEMBL1076555,Oc1ccc(Nc2nc(-c3ccc(Cl)cc3)cs2)cc1,inactive,35000.0
CHEMBL3134157,Cc1cc(CS(=O)(=O)c2ccccc2)cc(OCc2ccc(CN3CCC[C@@H]3CO)cc2)c1,active,28.0
CHEMBL4090361,O=S(=O)(Cc1cccc(OCc2ccc(CN3CCC[C@@H]3CO)cc2)c1)c1ccccc1,active,144.0
CHEMBL4444218,O=S(=O)(Oc1cccc(OCc2ccc(CN3CCC[C@@H]3CO)cc2)c1)c1ccccc1,active,11.0
CHEMBL4472026,OC[C@H]1CCCN1Cc1ccc(COc2cccc(CCc3ccccc3)c2)cc1,active,26.0
CHEMBL4574678,OC[C@H]1CCCN1Cc1ccc(COc2cccc(OCc3ccccc3)c2)cc1,active,14.0
CHEMBL4551903,OC[C@H]1CCCN1Cc1ccc(COc2cccc(OCc3ccccc3F)c2)cc1,active,41.0
CHEMBL4474024,OC[C@H]1CCCN1Cc1ccc(COc2cccc(OCc3cccc(F)c3)c2)cc1,active,9.0
CHEMBL4456309,OC[C@H]1CCCN1Cc1ccc(COc2cccc(OCc3ccc(F)cc3)c2)cc1,active,170.0
CHEMBL4454855,OC[C@H]1CCCN1Cc1ccc(COc2cccc(OCc3ccccc3Cl)c2)cc1,active,39.0
CHEMBL4455113,OC[C@H]1CCCN1Cc1ccc(COc2cccc(OCc3cccc(Cl)c3)c2)cc1,active,44.0
CHEMBL4551657,OC[C@H]1CCCN1Cc1ccc(COc2cccc(OCc3ccc(Cl)cc3)c2)cc1,intermediate,4130.0
CHEMBL4448423,COc1ccc(COc2cccc(OCc3ccc(CN4CCC[C@@H]4CO)cc3)c2)cc1,intermediate,3000.0
CHEMBL4555776,N#Cc1ccc(COc2cccc(OCc3ccc(CN4CCC[C@@H]4CO)cc3)c2)cc1,intermediate,3000.0
CHEMBL4578165,OC[C@H]1CCCN1Cc1ccc(COc2cccc(SCc3ccccc3)c2)cc1,active,137.0
CHEMBL4593030,OC[C@H]1CCCN1Cc1ccc(COc2cccc(SCc3ccc(F)cc3)c2)cc1,active,765.0
CHEMBL4453199,OC[C@H]1CCCN1Cc1ccc(COc2cccc(SCc3ccc(Cl)cc3)c2)cc1,intermediate,2360.0
CHEMBL4561692,COc1ncc(-c2cc3c(c(NC(=O)CN4CCOCC4)c2)COC3)cc1NS(C)(=O)=O,inactive,10000.0
CHEMBL4569508,O=C(NCC(F)(F)F)c1cc(-c2cnn3cc(-c4ccc(OCCN5CCCCC5)cc4)cnc23)cs1,inactive,32000.0
CHEMBL4550702,Cn1cc(-c2cnc3c(-c4csc(C(=O)NCC(F)(F)F)c4)cnn3c2)cn1,inactive,100000.0
CHEMBL4568087,Cn1cc(-c2cnc3c(-c4csc(C(=O)N[C@@H]5CCCC[C@@H]5N)c4)cnn3c2)cn1,inactive,10000.0
CHEMBL4552628,Cc1sc(C(=O)N[C@@H]2[C@H](N)CCCC2(F)F)cc1-c1cnn2cc(Cl)cnc12,inactive,100000.0
CHEMBL4634634,C[C@@H]1C[C@H]1C(=O)N1CCN(c2cnc(C#N)c(-c3cnn(C)c3)n2)C[C@H]1C,inactive,13770.0
CHEMBL1289102,COc1ccc(-c2cc(C(=O)N/N=C(\C)c3ccc(OC)c(OC)c3)[nH]n2)cc1,intermediate,3000.0
CHEMBL552462,COc1ccc(Nc2nc(N)c(C(=O)c3ccc(OC)c(OC)c3)s2)cc1,inactive,30000.0
CHEMBL552462,COc1ccc(Nc2nc(N)c(C(=O)c3ccc(OC)c(OC)c3)s2)cc1,active,60.0
CHEMBL3134157,Cc1cc(CS(=O)(=O)c2ccccc2)cc(OCc2ccc(CN3CCC[C@@H]3CO)cc2)c1,active,40.0
CHEMBL4777051,CCCCCCCCCCCCCC[C@H]1NC[C@H](N)[C@@H]1O.Cl.Cl,intermediate,8890.0
CHEMBL4756733,CCCCCCCCCCCCCC[C@H]1NC[C@H](N)[C@@H]1O,inactive,100000.0
CHEMBL4879338,COc1ccc(/C=N/NC(=O)c2cc(-c3ccc4ccccc4c3)[nH]n2)cc1OC,intermediate,6550.0
CHEMBL4877410,O=C(N/N=C/c1ccc2c(c1)OCCO2)c1cc(-c2ccc3ccccc3c2)[nH]n1,inactive,10000.0
CHEMBL4869467,COc1ccc(/C=N/NC(=O)c2cc(-c3ccc4ccccc4c3)[nH]n2)cc1,inactive,10000.0
CHEMBL4858010,COc1ccccc1/C=N/NC(=O)c1cc(-c2ccc3ccccc3c2)[nH]n1,inactive,10000.0
CHEMBL4849293,COc1cccc(/C=N/NC(=O)c2cc(-c3ccc4ccccc4c3)[nH]n2)c1,inactive,10000.0
CHEMBL4869938,COc1ccc2ccccc2c1/C=N/NC(=O)c1cc(-c2ccc3ccccc3c2)[nH]n1,inactive,10000.0
CHEMBL1290096,O=C(N/N=C/c1ccc(O)cc1)c1cc(-c2ccc3ccccc3c2)n[nH]1,inactive,10000.0
CHEMBL1289885,O=C(N/N=C/c1cccc(O)c1)c1cc(-c2ccc3ccccc3c2)n[nH]1,inactive,10000.0
CHEMBL1289998,O=C(N/N=C/c1ccccc1O)c1cc(-c2ccc3ccccc3c2)n[nH]1,inactive,10000.0
CHEMBL4846418,O=C(N/N=C/C1CCCCC1)c1cc(-c2ccc3ccccc3c2)[nH]n1,inactive,10000.0
CHEMBL4877610,O=C(N/N=C/c1cccc2ccccc12)c1cc(-c2ccc3ccccc3c2)[nH]n1,inactive,10000.0
CHEMBL4870518,O=C(N/N=C/c1ccccc1)c1cc(-c2ccc3ccccc3c2)[nH]n1,inactive,10000.0
CHEMBL4871012,O=C(N/N=C/c1cccnc1)c1cc(-c2ccc3ccccc3c2)[nH]n1,inactive,10000.0
CHEMBL4851938,O=C(N/N=C/c1ccc(Cl)cc1)c1cc(-c2ccc3ccccc3c2)[nH]n1,inactive,10000.0
CHEMBL4866324,O=C(N/N=C/c1cccc([N+](=O)[O-])c1)c1cc(-c2ccc3ccccc3c2)[nH]n1,inactive,10000.0
CHEMBL1241832,O=C(N/N=C/c1c(O)ccc2ccccc12)c1cc(-c2ccc3ccccc3c2)n[nH]1,inactive,10000.0
